name,invited,side,group,confirmed
איא ,1,Carla,חברים כלה,1
מועאד,1,Carla,חברים כלה,1
עמרי שורץ,1,Carla,חברים כלה,1
مجيد جريس,2,Charlie,מוזמני הורי החתן,2
ميشيل جبران عيسى,2,Charlie,מוזמני הורי החתן,
נאסר שקור,2,Carla,מוזמני הורי הכלה,2
 اديب خليف,2,Charlie,מוזמני הורי החתן,2
اسيل,2,Carla,משפחת הכלה,2
 alon SB,1,Carla,חברים כלה,0
ליאור,1,Carla,חברים כלה,1
لينا بشارات,2,Charlie,מוזמני הורי החתן,0
  برعام سمير ,2,Charlie,מוזמני הורי החתן,0
الياس خليل شقور,2,Charlie,מוזמני הורי החתן,2
هيلين مغزل,1,Charlie,מוזמני הורי החתן,1
 عطاف يعقوب,1,Charlie,מוזמני הורי החתן,0
داليا يعقوب,1,Charlie,מוזמני הורי החתן,1
     ساندرا بركات,2,Carla,מוזמני הורי הכלה,2
 روكسان بركات,2,Carla,מוזמני הורי הכלה,2
ماريا صادر,1,Carla,חברים כלה,2
ודיע משיעל,1,Carla,מוזמני הורי הכלה,0
איאד גבארין,1,Carla,מוזמני הורי הכלה,0
مريانا نازي,1,Charlie,חברים חתן,1
دونيا جمال,1,Charlie,חברים חתן,1
يارا ايوب,1,Charlie,חברים חתן,1
سندس,1,Carla,חברים כלה,1
איא חרזאן,1,Carla,חברים כלה,1
האלא,1,Carla,חברים כלה,1
שאדין עומרי,1,Carla,חברים כלה,1
  جريس جماليه,1,Charlie,מוזמני הורי החתן,2
 احسان مزلبط,2,Charlie,מוזמני הורי החתן,
 ملكه عيسى,1,Charlie,מוזמני הורי החתן,
  شاكر ابو فارس,2,Charlie,מוזמני הורי החתן,2
וליד,1,Carla,חברים כלה,1
ודיע חורי,1,Carla,חברים כלה,1
هالة سرور,1,Carla,חברים כלה,0
ניקול חדאד,2,Carla,חברים כלה,0
נדאא,1,Carla,חברים כלה,1
نبيل حضرج,1,Carla,חברים כלה,1
מיסם,1,Carla,חברים כלה,2
מיכא סעדי,1,Carla,חברים כלה,1
מרוא נסאר,1,Carla,חברים כלה,2
 ליאן ,1,Carla,חברים כלה,1
קלוד עאנק,1,Carla,חברים כלה,1
קארין קנבורא,1,Carla,חברים כלה,1
שירין מאדי,1,Carla,חברים כלה,1
 סוהא דראושי,1,Carla,חברים כלה,0
סחר סאהר,2,Carla,חברים כלה,2
סאלי נגאר,1,Carla,חברים כלה,2
רימא חורי,1,Carla,חברים כלה,0
רוזין קנבורא,1,Carla,חברים כלה,1
רשא עיסא,1,Carla,חברים כלה,1
ראופא חביב אללה,1,Carla,חברים כלה,0
דימא שרוף,2,Carla,חברים כלה,2
חנאן נגאר,1,Carla,חברים כלה,2
 גיזיל,1,Carla,חברים כלה,1
גוני מלשי,1,Carla,חברים כלה,1
פולינא סאליבא,1,Carla,חברים כלה,1
באסל סריס,1,Carla,חברים כלה,1
איה מורא,1,Carla,חברים כלה,1
  אלא עדוי,1,Carla,חברים כלה,1
אסעד קזעורא,2,Carla,חברים כלה,2
 נועה,1,Carla,חברים כלה,0
 מור,1,Carla,חברים כלה,0
 יהב,1,Carla,חברים כלה,0
 הילה,1,Carla,חברים כלה,0
 גריגורי,1,Carla,חברים כלה,0
 גבי שוורץ,1,Carla,חברים כלה,1
 אסתי,1,Carla,חברים כלה,1
 אבישי,1,Carla,חברים כלה,0
וסים חורי,2,Carla,מוזמני הורי הכלה,2
ואיל מטאנס,2,Carla,מוזמני הורי הכלה,0
רמי כסאברי,2,Carla,מוזמני הורי הכלה,2
כמאל ניקולה,2,Carla,מוזמני הורי הכלה,2
חלים טנוס,2,Carla,מוזמני הורי הכלה,2
פואד טנוס,2,Carla,מוזמני הורי הכלה,2
מאהר ורים סול,2,Carla,מוזמני הורי הכלה,2
 מאהר חיראללה,2,Carla,מוזמני הורי הכלה,2
 תאמר חיאללה,2,Carla,מוזמני הורי הכלה,2
 אוסאמה כיאט,2,Carla,מוזמני הורי הכלה,1
 איוב בולס,2,Carla,מוזמני הורי הכלה,2
 פארס פארס,2,Carla,מוזמני הורי הכלה,1
אמיר סאדר,2,Carla,מוזמני הורי הכלה,0
 לואי באש,2,Carla,מוזמני הורי הכלה,1
מרואן בשארה,2,Carla,מוזמני הורי הכלה,0
מיכה בירם,2,Carla,מוזמני הורי הכלה,2
כמאל גרגורה,2,Carla,מוזמני הורי הכלה,2
ד אסעד חורי,2,Carla,מוזמני הורי הכלה,2
סלים אבו עיסא,2,Carla,מוזמני הורי הכלה,0
סאמר גבארין,1,Carla,מוזמני הורי הכלה,2
בדר  טבאגה,2,Carla,מוזמני הורי הכלה,2
פאדיה גבארין,1,Carla,מוזמני הורי הכלה,0
ויאאם חגיר,1,Carla,מוזמני הורי הכלה,2
 טארק  חטיב,1,Carla,מוזמני הורי הכלה,0
אחמד קוזלי,1,Carla,מוזמני הורי הכלה,0
 עלאא סאמרי,1,Carla,מוזמני הורי הכלה,2
בילאל חגיר,1,Carla,מוזמני הורי הכלה,
 מחמוד חגיר,1,Carla,מוזמני הורי הכלה,0
אוסאמה חגיר,2,Carla,מוזמני הורי הכלה,0
מרואן אבו חדרה,2,Carla,מוזמני הורי הכלה,2
סמי נאסר,2,Carla,מוזמני הורי הכלה,2
חליל אבו חדרה,2,Carla,מוזמני הורי הכלה,2
וליד נגאר,2,Carla,מוזמני הורי הכלה,2
רפיק סליבא,2,Carla,מוזמני הורי הכלה,2
ריאד סליבא,2,Carla,מוזמני הורי הכלה,0
עדנאן אבו כיאס,2,Carla,מוזמני הורי הכלה,2
זיאד סליבא,2,Carla,מוזמני הורי הכלה,0
חסן  אבו גאמע,2,Carla,מוזמני הורי הכלה,0
מאיס אדם,1,Carla,מוזמני הורי הכלה,0
אדם חרבט,2,Carla,מוזמני הורי הכלה,2
עלי חרבט,2,Carla,מוזמני הורי הכלה,2
גלאל חרבט,2,Carla,מוזמני הורי הכלה,2
מנסור גרוס,2,Carla,מוזמני הורי הכלה,0
סורור גרוס,2,Carla,מוזמני הורי הכלה,2
חנאן חורי,2,Carla,מוזמני הורי הכלה,1
מרוות עפארה,1,Carla,מוזמני הורי הכלה,1
סוזאן עפארה,1,Carla,מוזמני הורי הכלה,1
גבי עפארה,2,Carla,מוזמני הורי הכלה,2
אלכס נעמה,2,Carla,מוזמני הורי הכלה,2
 טוני מרשי,1,Carla,מוזמני הורי הכלה,0
טוני ניגם,2,Carla,מוזמני הורי הכלה,2
פריד שולי,2,Carla,מוזמני הורי הכלה,2
שמשום שמשם,2,Carla,מוזמני הורי הכלה,2
איליא עבליני,2,Carla,מוזמני הורי הכלה,4
 גוני סהואני,2,Carla,מוזמני הורי הכלה,
אליאס חמאתי,2,Carla,מוזמני הורי הכלה,0
גוסלין חמאתי,2,Carla,מוזמני הורי הכלה,2
בשארה חמאתי,2,Carla,מוזמני הורי הכלה,2
נסים סויד,2,Carla,מוזמני הורי הכלה,2
נור זוערב,2,Carla,מוזמני הורי הכלה,
טוני סיאח,2,Carla,מוזמני הורי הכלה,0
 פייר חדאד,2,Carla,מוזמני הורי הכלה,0
 ויליאם גהשאן,2,Carla,מוזמני הורי הכלה,0
עבדו בדארנה,4,Carla,מוזמני הורי הכלה,4
גריס גומעא,2,Carla,מוזמני הורי הכלה,2
גסאן חקעובה,3,Carla,מוזמני הורי הכלה,3
מקאריוס עיסא,3,Carla,מוזמני הורי הכלה,3
רמי חווא,3,Carla,מוזמני הורי הכלה,3
נביל נחאס,2,Carla,מוזמני הורי הכלה,0
כמיל נחאס,2,Carla,מוזמני הורי הכלה,0
ראפול נחאס,2,Carla,מוזמני הורי הכלה,0
אליאס נחאס,2,Carla,מוזמני הורי הכלה,0
אודית חגאר,1,Carla,מוזמני הורי הכלה,0
תופיק גבריס,2,Carla,מוזמני הורי הכלה,2
מטאנס זקנון,2,Carla,מוזמני הורי הכלה,2
 טוני גוליאנוס,1,Carla,מוזמני הורי הכלה,1
 וירה נחאס,1,Carla,מוזמני הורי הכלה,1
רנדה נחאס,1,Carla,מוזמני הורי הכלה,2
גברא נחאס,2,Carla,מוזמני הורי הכלה,3
טוני נחאס,2,Carla,מוזמני הורי הכלה,2
אמיר דבאג,2,Carla,מוזמני הורי הכלה,3
נביל דבאג,2,Carla,מוזמני הורי הכלה,2
 גורג דבאג,3,Carla,מוזמני הורי הכלה,3
טארק מור,2,Carla,מוזמני הורי הכלה,1
רינה נעמה,1,Carla,מוזמני הורי הכלה,1
טרז דבאג,1,Carla,מוזמני הורי הכלה,1
נואל דבאג,1,Carla,מוזמני הורי הכלה,1
תמם אסקנדר,1,Carla,מוזמני הורי הכלה,0
פיטר שחאדי,2,Carla,מוזמני הורי הכלה,2
 יוסף אסקנדר,3,Carla,מוזמני הורי הכלה,3
ניזאר סעד,1,Carla,מוזמני הורי הכלה,
פאדי סעד,1,Carla,מוזמני הורי הכלה,
 פאיז סעד - בן של עיסא,1,Carla,מוזמני הורי הכלה,
עיסא סעד,2,Carla,מוזמני הורי הכלה,
אלברט ריזק,2,Carla,מוזמני הורי הכלה,0
 אוסאמה חורי,2,Carla,מוזמני הורי הכלה,1
אבראהים אבו שקארה,2,Carla,מוזמני הורי הכלה,0
פואד עביד,2,Carla,מוזמני הורי הכלה,2
רוסתום עביד,2,Carla,מוזמני הורי הכלה,2
עיסא  עוביד,2,Carla,מוזמני הורי הכלה,0
ראסם  עוביד,2,Carla,מוזמני הורי הכלה,0
  אסעד  עוביד )והיב),2,Carla,מוזמני הורי הכלה,
פואז סעד,2,Carla,מוזמני הורי הכלה,0
יוסף סעד,2,Carla,מוזמני הורי הכלה,2
 פאיז סעד - אח של עיסאם,2,Carla,מוזמני הורי הכלה,
 ראגי גרייב,2,Carla,מוזמני הורי הכלה,0
פואד עבוד,2,Carla,מוזמני הורי הכלה,0
רוברט קנדלפת,2,Carla,מוזמני הורי הכלה,0
עיסאם סעד,2,Carla,מוזמני הורי הכלה,3
 פואד סעד - עיסאם,1,Carla,מוזמני הורי הכלה,1
אזל עוביד גרייב,2,Carla,מוזמני הורי הכלה,0
האני עוביד,2,Carla,מוזמני הורי הכלה,0
נביל ימין,2,Carla,מוזמני הורי הכלה,2
בסאם סלאמה,2,Carla,מוזמני הורי הכלה,2
  אסעד עוביד )אדיב),2,Carla,מוזמני הורי הכלה,2
אדיב עוביד,2,Carla,מוזמני הורי הכלה,2
גורג  דלאל,2,Carla,מוזמני הורי הכלה,0
סטיפן  שחאדה,2,Carla,מוזמני הורי הכלה,0
כאמל דניאל,2,Carla,מוזמני הורי הכלה,0
פייר דניאל,2,Carla,מוזמני הורי הכלה,0
כארול דניאל,2,Carla,מוזמני הורי הכלה,0
 יוסף דניאל,1,Carla,מוזמני הורי הכלה,0
אלי דניאל,2,Carla,מוזמני הורי הכלה,0
רביע  בתריס,2,Carla,מוזמני הורי הכלה,2
אדוארד חדאד,2,Carla,מוזמני הורי הכלה,2
פואד שחאדה,2,Carla,מוזמני הורי הכלה,0
 פואד סעד - קרולין,2,Carla,מוזמני הורי הכלה,0
גורג אבו סנה,2,Carla,מוזמני הורי הכלה,0
אדוארד אסחאק,2,Carla,מוזמני הורי הכלה,2
ויקטור חוראני,2,Carla,מוזמני הורי הכלה,2
דאוד חוראני,2,Carla,מוזמני הורי הכלה,2
עבדאללה אסחאק,3,Carla,מוזמני הורי הכלה,2
סאמר בנימין,2,Carla,מוזמני הורי הכלה,2
יוסף דוירי,2,Carla,מוזמני הורי הכלה,0
חסיב סמיר,2,Carla,מוזמני הורי הכלה,2
מארון ברכאת,2,Carla,מוזמני הורי הכלה,0
חליל ברכאת,2,Carla,מוזמני הורי הכלה,0
 בשיר ונאדיה ארמלי/ ברכאת,2,Carla,מוזמני הורי הכלה,2
אליאס ברכאת,2,Carla,מוזמני הורי הכלה,2
נרדין ברכאת,2,Carla,מוזמני הורי הכלה,1
בולוס ברכקת,2,Carla,מוזמני הורי הכלה,2
נאדר ברכאת,2,Carla,מוזמני הורי הכלה,2
בשיר ברכאת,2,Carla,מוזמני הורי הכלה,2
 ריני ברכאת,1,Carla,מוזמני הורי הכלה,1
 يوهان بانويان,1,Charlie,חברים חתן,1
يولينا ويوسف ناصر,2,Charlie,מוזמני הורי החתן,0
 يوسف ورنده يعقوب,2,Charlie,מוזמני הורי החתן,2
يوسف مغزل,2,Charlie,מוזמני הורי החתן,1
يوسف دلال,1,Charlie,חברים חתן,1
يوسف جابر,2,Charlie,מוזמני הורי החתן,2
 يامن يعقوب,2,Charlie,מוזמני הורי החתן,2
وائل قاسم,1,Charlie,חברים חתן,1
هندومي عيسى,1,Charlie,מוזמני הורי החתן,1
هند وربيع عليمي,2,Charlie,מוזמני הורי החתן,2
هاني هردل,2,Charlie,חברים חתן,0
 هاروت اركيليانو,1,Charlie,חברים חתן,1
نورمان عيسى,2,Charlie,מוזמני הורי החתן,1
 نور وميخا عيسى,2,Charlie,מוזמני הורי החתן,2
 نور المصري,1,Charlie,חברים חתן,1
  نمير نجمي,1,Charlie,חברים חתן,1
نعمه عزيز عيسى,5,Charlie,מוזמני הורי החתן,5
نظيره ونانسي عيسى,2,Charlie,מוזמני הורי החתן,2
نظيره سالم,1,Charlie,מוזמני הורי החתן,0
 نظير سروع,2,Charlie,מוזמני הורי החתן,2
 نصيف حجله مخول,2,Charlie,מוזמני הורי החתן,1
نبيل سعيد عيسى,2,Charlie,מוזמני הורי החתן,
نادر عيسى,2,Charlie,מוזמני הורי החתן,0
ميشيل وجمانه عيسى,4,Charlie,מוזמני הורי החתן,2
ميشيل ابراهيم,2,Charlie,מוזמני הורי החתן,2
منير سليمان,2,Charlie,מוזמני הורי החתן,1
مشلين ورائد سليمان,2,Charlie,מוזמני הורי החתן,2
 مريم يعقوب,3,Charlie,מוזמני הורי החתן,3
  محمود فضل,1,Charlie,חברים חתן,1
مجيد جورج سروع,5,Charlie,מוזמני הורי החתן,2
مارون يعقوب,1,Charlie,מוזמני הורי החתן,1
مارون وايناس عيسى,4,Charlie,מוזמני הורי החתן,2
مارون عجينه,2,Charlie,מוזמני הורי החתן,2
مارون شبلي عيسى,2,Charlie,מוזמני הורי החתן,2
مارون جورج سروع,2,Charlie,מוזמני הורי החתן,2
مارون ادوار عيسى,2,Charlie,מוזמני הורי החתן,2
ماجد وليندا يعقوب,2,Charlie,מוזמני הורי החתן,2
ماتيو عيسى,2,Charlie,מוזמני הורי החתן,2
ليزا وبشاره سوسان,3,Charlie,מוזמני הורי החתן,2
لويس شبلي عيسى,2,Charlie,מוזמני הורי החתן,2
 لويزا ابراهيم,2,Charlie,מוזמני הורי החתן,2
لبنى وبولص عيسى,2,Charlie,מוזמני הורי החתן,2
لبنى سمير,1,Charlie,מוזמני הורי החתן,0
كمال كركبي,3,Charlie,מוזמני הורי החתן,2
كلودين وعماد سمير,1,Charlie,מוזמני הורי החתן,0
فيكتور عيسى,3,Charlie,מוזמני הורי החתן,3
فيرا ونديم حداد,2,Charlie,מוזמני הורי החתן,0
فارس وداليه عيسى,2,Charlie,מוזמני הורי החתן,2
فادي وروزانا عقل,2,Charlie,מוזמני הורי החתן,2
فادي مروشي,1,Charlie,חברים חתן,1
فادي فكتور عيسى,4,Charlie,מוזמני הורי החתן,2
عنان الباش,1,Charlie,חברים חתן,1
  علي عواد,1,Charlie,חברים חתן,1
شكري واميره يعقوب,4,Charlie,מוזמני הורי החתן,2
 شكرالله سروع,3,Charlie,מוזמני הורי החתן,3
شكرالله ديب,2,Charlie,מוזמני הורי החתן,0
 شربل عبود,2,Charlie,מוזמני הורי החתן,1
شربل زكنون,1,Charlie,מוזמני הורי החתן,1
شادي مطانس,4,Charlie,מוזמני הורי החתן,2
شادي جبران,1,Charlie,חתן עבודה,1
سوسان عيسى,1,Charlie,מוזמני הורי החתן,0
سميره سروع,1,Charlie,מוזמני הורי החתן,1
سمير شنان,2,Charlie,מוזמני הורי החתן,1
سمير ابو فارس,1,Charlie,מוזמני הורי החתן,0
سلمى ديراوي,1,Charlie,מוזמני הורי החתן,0
 سعيد يوسف عيسى,2,Charlie,מוזמני הורי החתן,0
ستيف مسلم,1,Charlie,חברים חתן,0
سالي صافيه,1,Charlie,חברים חתן,0
زيكو طجطج,2,Charlie,חברים חתן,2
ريمون نعمه عيسى,5,Charlie,מוזמני הורי החתן,5
ريمون الميشل عيسى,3,Charlie,מוזמני הורי החתן,2
ريتا وروني عيسى,2,Charlie,מוזמני הורי החתן,0
رونيت اندراوس,2,Charlie,מוזמני הורי החתן,2
روني ادوار عيسى,2,Charlie,מוזמני הורי החתן,2
روزيت وفكري بطحيش,2,Charlie,מוזמני הורי החתן,2
رانيا ونسيم روحانا,2,Charlie,מוזמני הורי החתן,2
راني ابو الرحمون,2,Charlie,חברים חתן,2
رامي يعقوب,4,Charlie,מוזמני הורי החתן,2
رامي حوا,2,Charlie,חברים חתן,1
ديران طوتونجيان,1,Charlie,חתן עבודה,1
 ديب وريما مارون,4,Charlie,מוזמני הורי החתן,2
داهود هلون,1,Charlie,חברים חתן,1
دانيل عوكال,1,Charlie,חברים חתן,
خليل شقور,1,Charlie,מוזמני הורי החתן,0
حني وكمال مغزل,4,Charlie,מוזמני הורי החתן,2
 حنا حبيب عيسى,2,Charlie,מוזמני הורי החתן,1
حنا المغزل,2,Charlie,מוזמני הורי החתן,2
حمودي ابو طرس,1,Charlie,חברים חתן,1
حجله  مارون,2,Charlie,מוזמני הורי החתן,2
حبيب خليل,2,Charlie,מוזמני הורי החתן,2
جيمي وامل سروع,4,Charlie,מוזמני הורי החתן,4
 جوني زكنون,2,Charlie,מוזמני הורי החתן,3
جوني جبران,1,Charlie,מוזמני הורי החתן,1
جوسلين وشربل مطانس,5,Charlie,מוזמני הורי החתן,5
جورجيت وهيام زهره,1,Charlie,מוזמני הורי החתן,0
جورج سروع,2,Charlie,מוזמני הורי החתן,0
جورج حوا,3,Charlie,חברים חתן,0
جريس وهناء يعقوب,3,Charlie,מוזמני הורי החתן,2
 جريس وهناء عيسى,2,Charlie,מוזמני הורי החתן,3
جريس مارون,2,Charlie,מוזמני הורי החתן,1
جريس ضو,2,Charlie,מוזמני הורי החתן,2
 جاني سروع,2,Charlie,מוזמני הורי החתן,2
جان وجيهان خوري,4,Charlie,מוזמני הורי החתן,2
جابي قط,1,Charlie,חברים חתן,1
جابي زهر,1,Charlie,חברים חתן,1
تيريزا زهر,1,Charlie,חתן עבודה,1
بيير ورنين عيسى,4,Charlie,מוזמני הורי החתן,2
بيتر وجوليانا كاردو,2,Charlie,מוזמני הורי החתן,2
بيان شقير,1,Charlie,חברים חתן,2
بول عيسى,3,Charlie,מוזמני הורי החתן,2
بطرس وفيرا فرحات,2,Charlie,מוזמני הורי החתן,2
 بطرس سعيد عيسى,2,Charlie,מוזמני הורי החתן,2
بطرس خليل شقور,1,Charlie,מוזמני הורי החתן,0
بطرس  سمير(جوز سعدى),1,Charlie,מוזמני הורי החתן,0
بشير سليمان,2,Charlie,מוזמני הורי החתן,0
 بسيل عيسى,2,Charlie,מוזמני הורי החתן,
ايليا بطحيش,2,Charlie,מוזמני הורי החתן,2
ايلي شقور,1,Charlie,מוזמני הורי החתן,1
ايلي زكنون,2,Charlie,מוזמני הורי החתן,2
 اياد وعبير عيسى,2,Charlie,מוזמני הורי החתן,1
اورنا وراني خلول,3,Charlie,מוזמני הורי החתן,2
اورلي وويليام عيسى,4,Charlie,מוזמני הורי החתן,4
انيس عيسى,5,Charlie,מוזמני הורי החתן,5
انطون زهره,2,Charlie,מוזמני הורי החתן,0
انطون حبيب عيسى,2,Charlie,מוזמני הורי החתן,
 انطوان وظريفه مخول,2,Charlie,מוזמני הורי החתן,0
امين هلون,1,Charlie,חברים חתן,1
 امين جماليه,2,Charlie,מוזמני הורי החתן,2
اميلي زكنون,1,Charlie,מוזמני הורי החתן,1
 امير وهلانه سروع,2,Charlie,מוזמני הורי החתן,2
 امير عسليه,1,Charlie,חברים חתן,1
امطانس مغزل,3,Charlie,מוזמני הורי החתן,2
امطانس عقل,2,Charlie,מוזמני הורי החתן,2
اليجرا يعقوب,1,Charlie,מוזמני הורי החתן,1
الياس هندومي عيسى,3,Charlie,מוזמני הורי החתן,3
 الياس فواد جريس,2,Charlie,מוזמני הורי החתן,2
الياس عزيز عيسى,5,Charlie,מוזמני הורי החתן,5
الياس سليمان,2,Charlie,מוזמני הורי החתן,2
 الياس سروع,2,Charlie,מוזמני הורי החתן,2
الياس داهود,2,Charlie,חברים חתן,0
 الياس امطانس,2,Charlie,מוזמני הורי החתן,2
الفيرا ومارون عقل,2,Charlie,מוזמני הורי החתן,2
البير ادوار عيسى,2,Charlie,מוזמני הורי החתן,2
الاخويه,5,Charlie,מוזמני הורי החתן,3
الاب يوسف يعقوب,1,Charlie,מוזמני הורי החתן,0
الاب يوسف عيسى,1,Charlie,מוזמני הורי החתן,0
الاب عفيف مخول,1,Charlie,מוזמני הורי החתן,1
اشرف سكس,1,Charlie,חברים חתן,0
اشرف ابو اصبع,1,Charlie,חתן עבודה,1
اسمهان عبود,1,Charlie,מוזמני הורי החתן,1
اسعد شقور,2,Charlie,מוזמני הורי החתן,1
اسامه شقور,2,Charlie,מוזמני הורי החתן,1
اديب عقل,2,Charlie,מוזמני הורי החתן,1
ادوار ونجاه جريس,2,Charlie,מוזמני הורי החתן,2
احمد ناشف,2,Charlie,חברים חתן,2
 احمد شيخ,2,Charlie,חברים חתן,2
ناديا كردو (ام بيتر),1,Charlie,מוזמני הורי החתן,0
  احمد زهره (سوبر مايك),1,Charlie,חברים חתן,1
ابراهيم مغزل,3,Charlie,מוזמני הורי החתן,2
ابراهيم عيسى,1,Charlie,מוזמני הורי החתן,0
ابراهيم سالم,1,Charlie,מוזמני הורי החתן,1
רועי לוי,1,Charlie,חתן עבודה,0
קילי גודרנא,1,Charlie,חתן עבודה,0
עידן אראמי,1,Charlie,חתן עבודה,1
סתיו קדוש,1,Charlie,חתן עבודה,1
יהודה גארתי,1,Charlie,חתן עבודה,1
יאיר דיאמנט,1,Charlie,חתן עבודה,1
וולרי גוריטסקי,1,Charlie,חתן עבודה,0
גיא ברוך,1,Charlie,חתן עבודה,0
איליה רוסושק,1,Charlie,חתן עבודה,1
אורון רוזנבלט,1,Charlie,חתן עבודה,1
אור דנון,1,Charlie,חתן עבודה,1
