mit4mit סידורי הושבה,,,,,
מספר שולחן,שם שולחן,שם מוזמן,כמות,מקומות פנויים בשולחן,מתנה
1,1,,,0,
,,אדיב עוביד,2,,0
,,  אסעד עוביד )אדיב),2,,0
,,בסאם סלאמה,2,,0
,,נביל ימין,2,,0
,,האני עוביד,2,,0
,,רוסתום עביד,2,,0
,,פואד עביד,2,,0
,, אוסאמה חורי,1,,0
,,ד' אסעד חורי,2,,0
,,נאסר שקור,2,,0
,,איא ,1,,0
,,  אלא עדוי,1,,0
,,סאלי נגאר,2,,0
,,מרוא נסאר,1,,0
2,2,,,0,
,,مجيد جورج سروع,2,,0
,,مارون جورج سروع,2,,0
,, شكرالله سروع,3,,0
,, امير وهلانه سروع,2,,0
,, جاني سروع,2,,0
,,جيمي وامل سروع,4,,0
,, نور وميخا عيسى,2,,0
,, حنا حبيب عيسى,1,,0
,,  شاكر ابو فارس,2,,0
,, نظير سروع,2,,0
,, الياس سروع,2,,0
3,3,,,0,
,,بطرس وفيرا فرحات,2,,0
,,مارون يعقوب,1,,0
,, بطرس سعيد عيسى,2,,0
,, يامن يعقوب,2,,0
,,ابراهيم سالم,1,,0
,,اليجرا يعقوب,1,,0
,, اياد وعبير عيسى,1,,0
,, مريم يعقوب,3,,0
,,رامي يعقوب,2,,0
,,جريس وهناء يعقوب,2,,0
,,داليا يعقوب,1,,0
,, يوسف ورنده يعقوب,2,,0
,,ماجد وليندا يعقوب,2,,0
,,رانيا ونسيم روحانا,2,,0
4,4,,,2,
,,ريمون نعمه عيسى,5,,0
,,اورلي وويليام عيسى,4,,0
,,اميلي زكنون,1,,0
,,ايلي زكنون,2,,0
,, جوني زكنون,3,,0
,,حجله  مارون,2,,0
,,جريس مارون,1,,0
,,سميره سروع,1,,0
,,اورنا وراني خلول,2,,0
,,شربل زكنون,1,,0
5,5,,,3,
,,פיטר שחאדי,2,,0
,, יוסף אסקנדר,3,,0
,,נרדין ברכאת,1,,0
,,בולוס ברכקת,2,,0
,,בשיר ברכאת,2,,0
,, בשיר ונאדיה ארמלי/ ברכאת,2,,0
,,נאדר ברכאת,2,,0
,, ריני ברכאת,1,,0
,,סאמר בנימין,2,,0
,,חסיב סמיר,1,,0
,,אליאס ברכאת,2,,0
,,חנאן חורי,1,,0
6,6,,,0,
,,נסים סויד,2,,0
,,מקאריוס עיסא,3,,0
,,יוסף סעד,2,,0
,,עיסאם סעד,3,,0
,, פואד סעד - עיסאם,1,,0
,,טוני ניגם,2,,0
,,פריד שולי,2,,0
,,שמשום שמשם,2,,0
,,איליא עבליני,4,,0
,,ג'וסלין חמאתי,2,,0
,,בשארה חמאתי,1,,0
7,7,,,0,
,,רוזין קנבורא,1,,0
,,פולינא סאליבא,1,,0
,, ג'יזיל,1,,0
,,קלוד עאנק,1,,0
,,מיכא סעדי,1,,0
,,איה מורא,1,,0
,,نبيل حضرج,1,,0
,,שירין מאדי,1,,0
,,קארין קנבורא,1,,0
,,סחר סאהר,2,,0
,,חנאן נגאר,2,,0
,,ماريا صادر,2,,0
,,ודיע חורי,1,,0
,,דימא שרוף,2,,0
,,מועאד,1,,0
,, احمد شيخ,2,,0
,,אסעד קזעורא,2,,0
,,מיסם,1,,0
8,8,,,0,
,,רנדה נחאס,2,,0
,,ג'ברא נחאס,3,,0
,,טוני נחאס,2,,0
,,אמיר דבאג,3,,0
,,נביל דבאג,2,,0
,, גורג דבאג,3,,0
,,טארק מור,1,,0
,,רינה נעמה,1,,0
,,טרז דבאג,1,,0
,,נואל דבאג,1,,0
,,מטאנס זקנון,2,,0
,, טוני גוליאנוס,1,,0
,,תופיק גבריס,1,,0
,, וירה נחאס,1,,0
9,9,,,0,
,,بول عيسى,2,,0
,,الياس هندومي عيسى,3,,0
,,فادي فكتور عيسى,2,,0
,,فيكتور عيسى,3,,0
,,ماتيو عيسى,2,,0
,,مارون وايناس عيسى,2,,0
,,هند وربيع عليمي,2,,0
,,انيس عيسى,5,,0
,,منير سليمان,1,,0
,,جريس ضو,2,,0
10,10,,,1,
,,  محمود فضل,1,,0
,,مريانا نازي,1,,0
,,  نمير نجمي,1,,0
,,دونيا جمال,1,,0
,,يارا ايوب,1,,0
,,  علي عواد,1,,0
,, امير عسليه,1,,0
,, نور المصري,1,,0
,, يوهان بانويان,1,,0
,,فادي مروشي,1,,0
,, هاروت اركيليانو,1,,0
,,وائل قاسم,1,,0
,,  احمد زهره (سوبر مايك),1,,0
,,زيكو طجطج,2,,0
,,راني ابو الرحمون,2,,0
,,احمد ناشف,2,,0
,,بيان شقير,2,,0
,,איא חרזאן,1,,0
,,גוני מלשי,1,,0
11,11,,,1,
,,الياس عزيز عيسى,5,,0
,,نعمه عزيز عيسى,5,,0
,,جوسلين وشربل مطانس,5,,0
,, لويزا ابراهيم,2,,0
,,ايليا بطحيش,2,,0
,,روزيت وفكري بطحيش,2,,0
,,ميشيل ابراهيم,2,,0
12,12,,,1,
,,     ساندرا بركات,2,,0
,, روكسان بركات,2,,0
,,גסאן חקעובה,3,,0
,,עבדו בדארנה,4,,0
,,חלים טנוס,2,,0
,,פואד טנוס,2,,0
,,רמי כסאברי,2,,0
,,וסים חורי,2,,0
,,כמאל ניקולה,2,,0
,,ג'ריס ג'ומעא,2,,0
13,13,,,0,
,,גבי עפארה,2,,0
,,מרוות עפארה,1,,0
,,סוזאן עפארה,1,,0
,,אלכס נעמה,2,,0
,,רמי חווא,3,,0
,,עבדאללה אסחאק,3,,0
14,14,,,0,
,,اديب عقل,1,,0
,,امطانس عقل,2,,0
,,بيتر وجوليانا كاردو,2,,0
,,فادي وروزانا عقل,2,,0
,, شربل عبود,1,,0
,,اسمهان عبود,1,,0
,,جوني جبران,1,,0
,,الفيرا ومارون عقل,2,,0
15,15,,,6,
16,16,,,0,
,,רפיק סליבא,2,,0
,,מרואן אבו חדרה,2,,0
,,כמאל ג'רג'ורה,2,,0
,,סמי נאסר,2,,0
,,חליל אבו חדרה,2,,0
,,וליד נג'אר,2,,0
17,17,,,0,
,,نظيره ونانسي عيسى,2,,0
,,فارس وداليه عيسى,2,,0
,,ليزا وبشاره سوسان,2,,0
,,كمال كركبي,2,,0
,,ريمون الميشل عيسى,2,,0
,,مارون عجينه,2,,0
18,18,,,0,
,,اسيل,2,,0
,,חסן  אבו ג'אמע,2,,0
,,אדם חרבט,2,,0
,,גלאל חרבט,2,,0
,,עלי חרבט,2,,0
,,מיכה בירם,2,,0
19,19,,,0,
,,ميشيل وجمانه عيسى,2,,0
,, جريس وهناء عيسى,3,,0
,,ادوار ونجاه جريس,2,,0
,,الياس سليمان,2,,0
,, امين جماليه,1,,0
,,  جريس جماليه,2,,0
20,20,,,1,
,,אור דנון,1,,0
,,אורון רוזנבלט,1,,0
,,איליה רוסושק,1,,0
,,יאיר דיאמנט,1,,0
,,עידן אראמי,1,,0
,,יהודה גארתי,1,,0
,,סתיו קדוש,1,,0
,,اشرف ابو اصبع,1,,0
,,شادي جبران,1,,0
,,تيريزا زهر,1,,0
,,ديران طوتونجيان,1,,0
21,21,,,0,
,,סאמר גבארין,2,,0
,,בדר  טבאג'ה,2,,0
,,ויאאם חג'יר,2,,0
,, עלאא סאמרי,2,,0
,,עדנאן אבו כיאס,2,,0
,,סורור גרוס,2,,0
22,22,,,0,
,,ابراهيم مغزل,2,,0
,,امطانس مغزل,2,,0
,,حنا المغزل,2,,0
,,حني وكمال مغزل,2,,0
,,يوسف مغزل,1,,0
,,مشلين ورائد سليمان,2,,0
,,هيلين مغزل,1,,0
23,23,,,1,
,, אסתי,1,,0
,,ליאור,1,,0
,, ליאן ,1,,0
,,רשא עיסא,1,,0
,,שאדין עומרי,1,,0
,,سندس,1,,0
,, גבי שוורץ,1,,0
,,וליד,1,,0
,,נדאא,1,,0
,,עמרי שורץ,1,,0
,,באסל סריס,1,,0
24,24,,,0,
,,مارون ادوار عيسى,2,,0
,,روني ادوار عيسى,2,,0
,,رونيت اندراوس,2,,0
,,البير ادوار عيسى,2,,0
,,الاب عفيف مخول,1,,0
,,حبيب خليل,2,,0
,, نصيف حجله مخول,1,,0
25,25,,,0,
,, ויליאם גהשאן,2,,0
,,רביע  בתריס,2,,0
,,אדוארד אסחאק,2,,0
,,אדוארד חדאד,2,,0
,,ויקטור חוראני,2,,0
,,דאוד חוראני,2,,0
26,26,,,0,
,,شادي مطانس,2,,0
,, اديب خليف,2,,0
,, ديب وريما مارون,2,,0
,, الياس فواد جريس,2,,0
,,شكري واميره يعقوب,2,,0
,,مجيد جريس,2,,0
27,27,,,0,
,, אוסאמה כיאט,1,,0
,, תאמר ח'יאללה,2,,0
,, פארס פארס,1,,0
,, איוב בולס,2,,0
,, מאהר ח'יראללה,2,,0
,,מאהר ורים סול,2,,0
,, לואי באש,2,,0
28,28,,,0,
,,جان وجيهان خوري,2,,0
,,لويس شبلي عيسى,2,,0
,,لبنى وبولص عيسى,2,,0
,,مارون شبلي عيسى,2,,0
,,بيير ورنين عيسى,2,,0
,,نورمان عيسى,1,,0
,,سمير شنان,1,,0
29,29,,,3,
,,يوسف دلال,1,,0
,,عنان الباش,1,,0
,,رامي حوا,2,,0
,,داهود هلون,1,,0
,,حمودي ابو طرس,1,,0
,,جابي قط,1,,0
,,جابي زهر,1,,0
,,امين هلون,1,,0
30,30,,,1,
,,اسامه شقور,2,,0
,,ايلي شقور,1,,0
,,اسعد شقور,1,,0
,,الياس خليل شقور,2,,0
,, الياس امطانس,2,,0
,,الاخويه,3,,0
